{
  "view/App.view.xml": 1651330026793,
  "i18n/i18n_tr.properties": 1651593486143,
  "i18n/i18n.properties": 1651593478599,
  "model/formatter.js": 1651426768562,
  "utils/locate-reuse-libs.js": 1651328874701,
  "model/models.js": 1651329308679,
  "manifest.json": 1651956698069,
  "controller/Homepage.controller.js": 1651837214539,
  "controller/BaseController.js": 1651778501035,
  "controller/App.controller.js": 1651330420863,
  "Component.js": 1651329259123,
  "manifest-bundle.zip": 1651956698096,
  "Component-preload.js": 1651956698524,
  "utils/locate-reuse-libs-dbg.js": 1651328874701,
  "model/models-dbg.js": 1651329308679,
  "model/formatter-dbg.js": 1651426768562,
  "controller/Homepage-dbg.controller.js": 1651837214539,
  "controller/BaseController-dbg.js": 1651778501035,
  "controller/App-dbg.controller.js": 1651330420863,
  "Component-dbg.js": 1651329259123,
  "view/Homepage.view.xml": 1651759457167,
  "i18n/i18n_en.properties": 1651593494764,
  "fragments/ValueHelp.fragment.xml": 1651757021887,
  "fragments/MessagePopover.fragment.xml": 1651574142230,
  "css/style.css": 1651328874709,
  "index.html": 1651328874697
}